Brand,Model,Price"Izusu","fsdg","999.- / Day"
"honda","civic","699.- / Day"
"Honda","wave110","299.- / Day"
"Honda","wave110","299.- / Day"
"Isuzu","D-max","599.- / Day"
"honda","civic","699.- / Day"
"honda","civic","699.- / Day"
"honda","civic","699.- / Day"
"Isuzu","D-max","599.- / Day"
"Isuzu","D-max","599.- / Day"
"Isuzu","D-max","599.- / Day"
"honda","civic","699.- / Day"
"honda","civic","699.- / Day"
"honda","civic","699.- / Day"
"honda","civic","699.- / Day"
"honda","civic","699.- / Day"
"honda","civic","699.- / Day"
"honda","civic","699.- / Day"
"honda","civic","699.- / Day"
"Isuzu","D-max","599.- / Day"
"honda","civic","699.- / Day"
"honda","civic","699.- / Day"
"honda","civic","699.- / Day"
"honda","civic","699.- / Day"
"honda","civic","699.- / Day"
"honda","civic","699.- / Day"
"Isuzu","D-max","599.- / Day"
"honda","civic","699.- / Day"
"honda","civic","699.- / Day"
"Ford","Raptor","699.- / Day"
"Isuzu","D-max","599.- / Day"
"Isuzu","D-max","599.- / Day"
"Isuzu","D-max","599.- / Day"
"Isuzu","D-max","599.- / Day"
"Isuzu","D-max","599.- / Day"
"honda","civic","699.- / Day"
"honda","civic","699.- / Day"
"Isuzu","D-max","599.- / Day"
"honda","civic","699.- / Day"
"Isuzu","D-max","599.- / Day"
"honda","civic","699.- / Day"
"honda","civic","699.- / Day"
"honda","civic","699.- / Day"
"honda","civic","699.- / Day"
"honda","civic","699.- / Day"
"honda","civic","699.- / Day"
"honda","civic","699.- / Day"
"Honda","Zoomer-X","350.- / Day"
